<?xml version="1.0" encoding="UTF-8" standalone="yes"?>
<addon id="repository.sendtokodi.python3" name="SendToKodi Add-ons" version="1.0.0" provider-name="firsttris">
	<extension point="xbmc.addon.repository" name="SendToKodi Python 3 Add-on Repository">
		<dir minversion="18.0.0">
			<info compressed="false">https://raw.githubusercontent.com/firsttris/repository.sendtokodi.python3/master/addon.xml</info>
			<checksum>https://raw.githubusercontent.com/firsttris/repository.sendtokodi.python3/master/addon.xml.md5</checksum>
			<datadir zip="true">https://raw.githubusercontent.com/firsttris/repository.sendtokodi.python3/master/</datadir>
		</dir>
	</extension>
	<extension point="xbmc.addon.metadata">
		<summary lang="en">SendToKodi Add-on Repository</summary>
        <description lang="en">SendToKodi Add-on Repository</description>
        <description lang="de">SendToKodi Add-on Repository</description>
        <disclaimer lang="en"></disclaimer>
		<platform>all</platform>
	</extension>
</addon>
